,item_id,method,question,answer_key,answer_text,options,context_id,title,is_vietnam,bloom,wh_type,verifier_score
1,itm_85546a648b01,rag_llm,Chiến tranh Đông Dương bắt đầu chính thức vào ngày nào?,C,19 tháng 12 năm 1946,"[{'label': 'A', 'text': '1 tháng 1 năm 1950', 'is_correct': False, 'entity_type': None, 'provenance': 'generated'}, {'label': 'B', 'text': '13 tháng 9 năm 1945', 'is_correct': False, 'entity_type': None, 'provenance': 'generated'}, {'label': 'C', 'text': '19 tháng 12 năm 1946', 'is_correct': True, 'entity_type': None, 'provenance': 'context_span'}, {'label': 'D', 'text': '20 tháng 7 năm 1954', 'is_correct': False, 'entity_type': None, 'provenance': 'generated'}]",ctx_68d72183f300,Chiến tranh Đông Dương,True,nhan_biet,thoi_gian,0.9189
2,itm_15757acf46b0,rag_llm,Thực dân Pháp chỉ tồn tại đến ngày nào ở Đông Dương?,D,9 tháng 3 năm 1945,"[{'label': 'A', 'text': '9 tháng 3 năm 1940', 'is_correct': False, 'entity_type': None, 'provenance': 'generated'}, {'label': 'B', 'text': '9 tháng 3 năm 1946', 'is_correct': False, 'entity_type': None, 'provenance': 'generated'}, {'label': 'C', 'text': '9 tháng 3 năm 1954', 'is_correct': False, 'entity_type': None, 'provenance': 'generated'}, {'label': 'D', 'text': '9 tháng 3 năm 1945', 'is_correct': True, 'entity_type': None, 'provenance': 'context_span'}]",ctx_33b4a39f55ac,Chiến tranh Đông Dương,True,nhan_biet,thoi_gian,0.9052
3,itm_f2f6b656c5ea,rag_llm,Ai là đại sứ Nhật đã trao tối hậu thư cho Đô đốc Decoux?,B,Matsumoto,"[{'label': 'A', 'text': 'Yamamoto', 'is_correct': False, 'entity_type': None, 'provenance': 'generated'}, {'label': 'B', 'text': 'Matsumoto', 'is_correct': True, 'entity_type': None, 'provenance': 'context_span'}, {'label': 'C', 'text': 'Hiroshi', 'is_correct': False, 'entity_type': None, 'provenance': 'generated'}, {'label': 'D', 'text': 'Tanaka', 'is_correct': False, 'entity_type': None, 'provenance': 'generated'}]",ctx_33b4a39f55ac,Chiến tranh Đông Dương,True,nhan_biet,nhan_vat,0.8913
4,itm_330a7a074143,rule_based,Người nào ban hành Edward I của Anh?,D,Edward,"[{'label': 'A', 'text': 'Robert', 'is_correct': False, 'entity_type': 'PER', 'provenance': 'kb'}, {'label': 'B', 'text': 'Edward the Confessor', 'is_correct': False, 'entity_type': 'PER', 'provenance': 'kb'}, {'label': 'C', 'text': 'Jeanne Bécu', 'is_correct': False, 'entity_type': 'PER', 'provenance': 'kb'}, {'label': 'D', 'text': 'Edward', 'is_correct': True, 'entity_type': 'PER', 'provenance': 'context_span'}]",ctx_de88cf83ea6c,Edward I của Anh,False,nhan_biet,nhan_vat,0.8966
5,itm_fb88aefd3526,rag_llm,Karl Marx trở thành học sinh của trường trung học Trier vào năm nào?,C,1830,"[{'label': 'A', 'text': '1772', 'is_correct': False, 'entity_type': None, 'provenance': 'generated'}, {'label': 'B', 'text': '1848', 'is_correct': False, 'entity_type': None, 'provenance': 'generated'}, {'label': 'C', 'text': '1830', 'is_correct': True, 'entity_type': None, 'provenance': 'context_span'}, {'label': 'D', 'text': '1850', 'is_correct': False, 'entity_type': None, 'provenance': 'generated'}]",ctx_abd47acb79f1,Karl Marx,False,nhan_biet,thoi_gian,0.894
6,itm_37695e6298cf,rag_llm,Ai là nhà tư tưởng người Đức gốc Do thái nổi tiếng trong lịch sử?,C,Karl Heinrich Marx,"[{'label': 'A', 'text': 'Friedrich Engels', 'is_correct': False, 'entity_type': None, 'provenance': 'generated'}, {'label': 'B', 'text': 'Max Weber', 'is_correct': False, 'entity_type': None, 'provenance': 'generated'}, {'label': 'C', 'text': 'Karl Heinrich Marx', 'is_correct': True, 'entity_type': None, 'provenance': 'context_span'}, {'label': 'D', 'text': 'Leon Trotsky', 'is_correct': False, 'entity_type': None, 'provenance': 'generated'}]",ctx_3c3588039a66,Karl Marx,False,nhan_biet,nhan_vat,0.9098
7,itm_2cc54418dee4,rag_llm,Ai là người chỉ trích các lý thuyết của Marx là không có tính khả thi?,C,Karl Popper,"[{'label': 'A', 'text': 'Max Weber', 'is_correct': False, 'entity_type': None, 'provenance': 'generated'}, {'label': 'B', 'text': 'Jean-Paul Sartre', 'is_correct': False, 'entity_type': None, 'provenance': 'generated'}, {'label': 'C', 'text': 'Karl Popper', 'is_correct': True, 'entity_type': None, 'provenance': 'context_span'}, {'label': 'D', 'text': 'Friedrich Engels', 'is_correct': False, 'entity_type': None, 'provenance': 'generated'}]",ctx_e0cd86c36906,Karl Marx,False,nhan_biet,nhan_vat,0.9059
8,itm_6c648ab71c57,rule_based,Năm sinh của Karl Marx là năm nào?,A,1818,"[{'label': 'A', 'text': '1818', 'is_correct': True, 'entity_type': 'YEAR', 'provenance': 'context_span'}, {'label': 'B', 'text': '1840', 'is_correct': False, 'entity_type': 'YEAR', 'provenance': 'kb'}, {'label': 'C', 'text': '1814', 'is_correct': False, 'entity_type': 'YEAR', 'provenance': 'kb'}, {'label': 'D', 'text': '1828', 'is_correct': False, 'entity_type': 'YEAR', 'provenance': 'kb'}]",ctx_3c3588039a66,Karl Marx,False,nhan_biet,thoi_gian,0.9116
9,itm_1ebef5e3728e,rule_based,Karl Marx sống trong thế kỷ nào?,C,ngày 8 tháng 3 năm 1881,"[{'label': 'A', 'text': 'ngày 28 tháng 8 năm 1844', 'is_correct': False, 'entity_type': 'DATE', 'provenance': 'kb'}, {'label': 'B', 'text': '20/5/1810', 'is_correct': False, 'entity_type': 'DATE', 'provenance': 'kb'}, {'label': 'C', 'text': 'ngày 8 tháng 3 năm 1881', 'is_correct': True, 'entity_type': 'DATE', 'provenance': 'context_span'}, {'label': 'D', 'text': 'ngày 12 tháng 4 năm 1861', 'is_correct': False, 'entity_type': 'DATE', 'provenance': 'kb'}]",ctx_48ca5d9a32ea,Karl Marx,False,nhan_biet,thoi_gian,0.8918
10,itm_8cd6d869d1d1,rag_llm,Ai là người đã phát động nhiều chiến dịch quân sự chống trả Hung Nô?,D,Hán Vũ Đế Lưu Triệt,"[{'label': 'A', 'text': 'Vua Hung Nô', 'is_correct': False, 'entity_type': None, 'provenance': 'generated'}, {'label': 'B', 'text': 'Hán Cảnh Đế Lưu Khải', 'is_correct': False, 'entity_type': None, 'provenance': 'generated'}, {'label': 'C', 'text': 'Người Tiên Ti', 'is_correct': False, 'entity_type': None, 'provenance': 'generated'}, {'label': 'D', 'text': 'Hán Vũ Đế Lưu Triệt', 'is_correct': True, 'entity_type': None, 'provenance': 'context_span'}]",ctx_26651a0d6754,Nhà Hán,False,nhan_biet,nhan_vat,0.8933
11,itm_9889f37e8048,rag_llm,Phạm Văn Đồng kết hôn với bà Cúc vào tháng nào năm nào?,C,tháng 10 năm 1946,"[{'label': 'A', 'text': 'tháng 5 năm 1945', 'is_correct': False, 'entity_type': None, 'provenance': 'generated'}, {'label': 'B', 'text': 'tháng 3 năm 1947', 'is_correct': False, 'entity_type': None, 'provenance': 'generated'}, {'label': 'C', 'text': 'tháng 10 năm 1946', 'is_correct': True, 'entity_type': None, 'provenance': 'context_span'}, {'label': 'D', 'text': 'tháng 12 năm 1948', 'is_correct': False, 'entity_type': None, 'provenance': 'generated'}]",ctx_5979b1464ed7,Phạm Văn Đồng,True,nhan_biet,thoi_gian,0.9285
12,itm_f20d6bc9a079,rag_llm,Hiệp định Geneva được ký kết vào năm nào?,B,1954,"[{'label': 'A', 'text': '1945', 'is_correct': False, 'entity_type': None, 'provenance': 'generated'}, {'label': 'B', 'text': '1954', 'is_correct': True, 'entity_type': None, 'provenance': 'context_span'}, {'label': 'C', 'text': '1950', 'is_correct': False, 'entity_type': None, 'provenance': 'generated'}, {'label': 'D', 'text': '1960', 'is_correct': False, 'entity_type': None, 'provenance': 'generated'}]",ctx_6511f8397459,Phạm Văn Đồng,True,nhan_biet,thoi_gian,0.9386
13,itm_40ba22f91a24,rag_llm,Ai là chồng của bà Phạm Thị Cúc?,A,Phạm Văn Đồng,"[{'label': 'A', 'text': 'Phạm Văn Đồng', 'is_correct': True, 'entity_type': None, 'provenance': 'context_span'}, {'label': 'B', 'text': 'Hồ Chí Minh', 'is_correct': False, 'entity_type': None, 'provenance': 'generated'}, {'label': 'C', 'text': 'Nguyễn Văn Linh', 'is_correct': False, 'entity_type': None, 'provenance': 'generated'}, {'label': 'D', 'text': 'Lê Duẩn', 'is_correct': False, 'entity_type': None, 'provenance': 'generated'}]",ctx_5979b1464ed7,Phạm Văn Đồng,True,nhan_biet,nhan_vat,0.8942
14,itm_633606e5a18c,rag_llm,"William IX, con trai cả của Henry II và Eleanor mất vào năm nào?",A,1156,"[{'label': 'A', 'text': '1156', 'is_correct': True, 'entity_type': None, 'provenance': 'context_span'}, {'label': 'B', 'text': '1160', 'is_correct': False, 'entity_type': None, 'provenance': 'generated'}, {'label': 'C', 'text': '1175', 'is_correct': False, 'entity_type': None, 'provenance': 'generated'}, {'label': 'D', 'text': '1145', 'is_correct': False, 'entity_type': None, 'provenance': 'generated'}]",ctx_bae4300e10bc,Richard I của Anh,False,nhan_biet,thoi_gian,0.9086
15,itm_722008147283,rag_llm,"Ai là Vua nước Anh từ 6 tháng 7, 1189 cho tới khi mất?",C,Richard I,"[{'label': 'A', 'text': 'John I', 'is_correct': False, 'entity_type': None, 'provenance': 'generated'}, {'label': 'B', 'text': 'Edward I', 'is_correct': False, 'entity_type': None, 'provenance': 'generated'}, {'label': 'C', 'text': 'Richard I', 'is_correct': True, 'entity_type': None, 'provenance': 'context_span'}, {'label': 'D', 'text': 'Henry II', 'is_correct': False, 'entity_type': None, 'provenance': 'generated'}]",ctx_0951e90f6172,Richard I của Anh,False,nhan_biet,nhan_vat,0.9024
16,itm_07f725952b1b,rag_llm,Ai là người con trai thứ 3 trong số 8 người con của vua Henry II?,B,Richard,"[{'label': 'A', 'text': 'Geoffrey II, Công tước xứ Brittany', 'is_correct': False, 'entity_type': None, 'provenance': 'generated'}, {'label': 'B', 'text': 'Richard', 'is_correct': True, 'entity_type': None, 'provenance': 'context_span'}, {'label': 'C', 'text': 'William IX, Bá tước của Poitiers', 'is_correct': False, 'entity_type': None, 'provenance': 'generated'}, {'label': 'D', 'text': 'Henry, nhà Vua trẻ', 'is_correct': False, 'entity_type': None, 'provenance': 'generated'}]",ctx_72be17c9ecc3,Richard I của Anh,False,nhan_biet,nhan_vat,0.9034
17,itm_f4fdd9cfd53b,rag_llm,Thành ủy Thành phố Hồ Chí Minh khóa X nhiệm kỳ nào?,D,2015-2020,"[{'label': 'A', 'text': '2005-2010', 'is_correct': False, 'entity_type': None, 'provenance': 'generated'}, {'label': 'B', 'text': '2010-2015', 'is_correct': False, 'entity_type': None, 'provenance': 'generated'}, {'label': 'C', 'text': '2020-2025', 'is_correct': False, 'entity_type': None, 'provenance': 'generated'}, {'label': 'D', 'text': '2015-2020', 'is_correct': True, 'entity_type': None, 'provenance': 'context_span'}]",ctx_b82acf6debdd,Thành phố Hồ Chí Minh,True,nhan_biet,thoi_gian,0.9119
18,itm_9ab277ccd58c,rag_llm,Thành phố Hồ Chí Minh nằm ở miền nào của Việt Nam?,D,miền Nam Việt Nam,"[{'label': 'A', 'text': 'miền Tây Việt Nam', 'is_correct': False, 'entity_type': None, 'provenance': 'generated'}, {'label': 'B', 'text': 'miền Bắc Việt Nam', 'is_correct': False, 'entity_type': None, 'provenance': 'generated'}, {'label': 'C', 'text': 'miền Trung Việt Nam', 'is_correct': False, 'entity_type': None, 'provenance': 'generated'}, {'label': 'D', 'text': 'miền Nam Việt Nam', 'is_correct': True, 'entity_type': None, 'provenance': 'context_span'}]",ctx_0abd1058e87d,Thành phố Hồ Chí Minh,True,nhan_biet,thoi_gian,0.9074
19,itm_6167180498c1,rag_llm,Ai là Bí thư Thành ủy Thành phố Hồ Chí Minh hiện tại?,A,ông Nguyễn Thiện Nhân,"[{'label': 'A', 'text': 'ông Nguyễn Thiện Nhân', 'is_correct': True, 'entity_type': None, 'provenance': 'context_span'}, {'label': 'B', 'text': 'ông Lê Thanh Hải', 'is_correct': False, 'entity_type': None, 'provenance': 'generated'}, {'label': 'C', 'text': 'ông Đinh La Thăng', 'is_correct': False, 'entity_type': None, 'provenance': 'generated'}, {'label': 'D', 'text': 'ông Nguyễn Văn Nên', 'is_correct': False, 'entity_type': None, 'provenance': 'generated'}]",ctx_b82acf6debdd,Thành phố Hồ Chí Minh,True,nhan_biet,nhan_vat,0.8939
20,itm_f16494598036,rag_llm,Trung Hoa Dân Quốc được thành lập vào năm nào?,C,1912,"[{'label': 'A', 'text': '1937', 'is_correct': False, 'entity_type': None, 'provenance': 'generated'}, {'label': 'B', 'text': '1921', 'is_correct': False, 'entity_type': None, 'provenance': 'generated'}, {'label': 'C', 'text': '1912', 'is_correct': True, 'entity_type': None, 'provenance': 'context_span'}, {'label': 'D', 'text': '1949', 'is_correct': False, 'entity_type': None, 'provenance': 'generated'}]",ctx_ef6e6b1ba104,Trung Hoa Dân Quốc (1912-1949),False,nhan_biet,thoi_gian,0.891
21,itm_8720bcc4bb76,rag_llm,Ai là tể tướng dưới triều Mehmed IV?,B,Köprülü Mehmed Pasha,"[{'label': 'A', 'text': 'Hassan Pasha', 'is_correct': False, 'entity_type': None, 'provenance': 'generated'}, {'label': 'B', 'text': 'Köprülü Mehmed Pasha', 'is_correct': True, 'entity_type': None, 'provenance': 'context_span'}, {'label': 'C', 'text': 'Köprülü Fazıl Ahmed Pasha', 'is_correct': False, 'entity_type': None, 'provenance': 'generated'}, {'label': 'D', 'text': 'Kara Mustafa Pasha', 'is_correct': False, 'entity_type': None, 'provenance': 'generated'}]",ctx_13ee6d1bbf29,Đế quốc Ottoman,False,nhan_biet,nhan_vat,0.8979
22,itm_9ce2fb7d0ec3,rule_based,Ai thực hiện Đế quốc Ottoman?,D,Ertuğrul Gazi,"[{'label': 'A', 'text': 'Edmund Spencer', 'is_correct': False, 'entity_type': 'PER', 'provenance': 'kb'}, {'label': 'B', 'text': 'Thomas Howard', 'is_correct': False, 'entity_type': 'PER', 'provenance': 'kb'}, {'label': 'C', 'text': 'John', 'is_correct': False, 'entity_type': 'PER', 'provenance': 'kb'}, {'label': 'D', 'text': 'Ertuğrul Gazi', 'is_correct': True, 'entity_type': 'PER', 'provenance': 'context_span'}]",ctx_82de44a2efd4,Đế quốc Ottoman,False,nhan_biet,nhan_vat,0.8946
23,itm_a78361605432,rule_based,Sự kiện Đế quốc Ottoman diễn ra vào năm nào?,A,1683,"[{'label': 'A', 'text': '1683', 'is_correct': True, 'entity_type': 'YEAR', 'provenance': 'context_span'}, {'label': 'B', 'text': '1623', 'is_correct': False, 'entity_type': 'YEAR', 'provenance': 'kb'}, {'label': 'C', 'text': '1604', 'is_correct': False, 'entity_type': 'YEAR', 'provenance': 'kb'}, {'label': 'D', 'text': '1648', 'is_correct': False, 'entity_type': 'YEAR', 'provenance': 'kb'}]",ctx_cf5a62bdf17d,Đế quốc Ottoman,False,nhan_biet,thoi_gian,0.8912
24,itm_249dbce0175d,rag_llm,Đế quốc Đức được tuyên bố thiết lập vào ngày nào?,C,18 tháng 1 năm 1871,"[{'label': 'A', 'text': '18 tháng 1 năm 1881', 'is_correct': False, 'entity_type': None, 'provenance': 'generated'}, {'label': 'B', 'text': '1 tháng 1 năm 1871', 'is_correct': False, 'entity_type': None, 'provenance': 'generated'}, {'label': 'C', 'text': '18 tháng 1 năm 1871', 'is_correct': True, 'entity_type': None, 'provenance': 'context_span'}, {'label': 'D', 'text': '18 tháng 1 năm 1866', 'is_correct': False, 'entity_type': None, 'provenance': 'generated'}]",ctx_46bb7cb72ff0,Đế quốc Đức,False,nhan_biet,thoi_gian,0.8959
25,itm_67b5b9c56199,vit5_ft,Chính sách của Elizabeth là gì?,D,ban đất cho các cận thần và ngăn chặn những người chống đối thiết lập hậu cứ cho Tây Ban Nha tấn công nước Anh,"[{'label': 'A', 'text': 'Gerald', 'is_correct': False, 'entity_type': None, 'provenance': 'generated'}, {'label': 'B', 'text': 'Ireland', 'is_correct': False, 'entity_type': None, 'provenance': 'generated'}, {'label': 'C', 'text': 'Chính', 'is_correct': False, 'entity_type': None, 'provenance': 'generated'}, {'label': 'D', 'text': 'ban đất cho các cận thần và ngăn chặn những người chống đối thiết lập hậu cứ cho Tây Ban Nha tấn công nước Anh', 'is_correct': True, 'entity_type': None, 'provenance': 'context_span'}]",ctx_84e6671f0a68,Elizabeth I của Anh,False,thong_hieu,su_kien,0.8533
26,itm_76d7745f3a84,vit5_ft,Điều gì đã được các tín hữu Kháng Cách sùng tín?,C,Đạo luật Settlement and Uniformity năm 1559,"[{'label': 'A', 'text': 'Thật', 'is_correct': False, 'entity_type': None, 'provenance': 'generated'}, {'label': 'B', 'text': 'Settlement', 'is_correct': False, 'entity_type': None, 'provenance': 'generated'}, {'label': 'C', 'text': 'Đạo luật Settlement and Uniformity năm 1559', 'is_correct': True, 'entity_type': None, 'provenance': 'context_span'}, {'label': 'D', 'text': 'Việc Elizabeth', 'is_correct': False, 'entity_type': None, 'provenance': 'generated'}]",ctx_a024ec247311,Elizabeth I của Anh,False,thong_hieu,su_kien,0.8355
27,itm_b8e074a85f12,vit5_ft,Mục đích của Ridolfi là gì?,D,ám sát Elizabeth để tôn Mary lên ngôi,"[{'label': 'A', 'text': 'Babington', 'is_correct': False, 'entity_type': None, 'provenance': 'generated'}, {'label': 'B', 'text': 'năm 1570  năm', 'is_correct': False, 'entity_type': None, 'provenance': 'generated'}, {'label': 'C', 'text': 'Fotheringhay', 'is_correct': False, 'entity_type': None, 'provenance': 'generated'}, {'label': 'D', 'text': 'ám sát Elizabeth để tôn Mary lên ngôi', 'is_correct': True, 'entity_type': None, 'provenance': 'context_span'}]",ctx_6abb8b07d3dd,Elizabeth I của Anh,False,thong_hieu,su_kien,0.8275
28,itm_08b1819e89ed,vit5_ft,Ai là người duy trì lòng trung thành với lương tâm và khát vọng của mình?,D,Elizabeth,"[{'label': 'A', 'text': 'Scotland', 'is_correct': False, 'entity_type': None, 'provenance': 'generated'}, {'label': 'B', 'text': 'Pháp', 'is_correct': False, 'entity_type': None, 'provenance': 'generated'}, {'label': 'C', 'text': 'Thái', 'is_correct': False, 'entity_type': None, 'provenance': 'generated'}, {'label': 'D', 'text': 'Elizabeth', 'is_correct': True, 'entity_type': None, 'provenance': 'context_span'}]",ctx_bb43ab4618e7,Elizabeth I của Anh,False,thong_hieu,su_kien,0.8395
29,itm_d0cc65ede8ee,vit5_ft,Cố vấn trưởng của Nữ vương Elizabeth là ai?,B,Sir William Cecil,"[{'label': 'A', 'text': 'Công', 'is_correct': False, 'entity_type': None, 'provenance': 'generated'}, {'label': 'B', 'text': 'Sir William Cecil', 'is_correct': True, 'entity_type': None, 'provenance': 'context_span'}, {'label': 'C', 'text': 'Hội đồng Tư vấn mới', 'is_correct': False, 'entity_type': None, 'provenance': 'generated'}, {'label': 'D', 'text': 'Dưới', 'is_correct': False, 'entity_type': None, 'provenance': 'generated'}]",ctx_ae6392432326,Elizabeth I của Anh,False,thong_hieu,su_kien,0.8312
30,itm_638b34b49b76,vit5_ft,Ai là người lên ngôi vua năm 1369?,C,Nhật Lễ,"[{'label': 'A', 'text': 'Trần Dụ Tông', 'is_correct': False, 'entity_type': None, 'provenance': 'generated'}, {'label': 'B', 'text': 'năm 1369  vợ Dương Khương làm con hát trong cung', 'is_correct': False, 'entity_type': None, 'provenance': 'generated'}, {'label': 'C', 'text': 'Nhật Lễ', 'is_correct': True, 'entity_type': None, 'provenance': 'context_span'}, {'label': 'D', 'text': 'Trần Nghệ Tông', 'is_correct': False, 'entity_type': None, 'provenance': 'generated'}]",ctx_29054d8747a9,Hồ Quý Ly,True,thong_hieu,su_kien,0.822
31,itm_c6b4c711cc51,vit5_ft,Vị trí của sông Lạch Trường vào tháng 3 năm 1380 là ở đâu?,B,sông Ngu,"[{'label': 'A', 'text': 'Đỗ Tử Bình chỉ huy quân bộ đi vào Thanh Hóa để chống giữ  tháng 5 cùng năm', 'is_correct': False, 'entity_type': None, 'provenance': 'generated'}, {'label': 'B', 'text': 'sông Ngu', 'is_correct': True, 'entity_type': None, 'provenance': 'context_span'}, {'label': 'C', 'text': 'Quý Ly', 'is_correct': False, 'entity_type': None, 'provenance': 'generated'}, {'label': 'D', 'text': 'Lê Quý Ly được lệnh thống lĩnh quân thủy', 'is_correct': False, 'entity_type': None, 'provenance': 'generated'}]",ctx_5cd8e6f0405c,Hồ Quý Ly,True,thong_hieu,su_kien,0.8178
32,itm_33945308d773,vit5_ft,"Nguyễn Kha, Lê Lặc là ai?",B,tướng chỉ huy quân Thiết Giáp,"[{'label': 'A', 'text': 'Nguyễn Vân Nhi', 'is_correct': False, 'entity_type': None, 'provenance': 'generated'}, {'label': 'B', 'text': 'tướng chỉ huy quân Thiết Giáp', 'is_correct': True, 'entity_type': None, 'provenance': 'context_span'}, {'label': 'C', 'text': 'bèn giả vờ vi hành về Yên Sinh', 'is_correct': False, 'entity_type': None, 'provenance': 'generated'}, {'label': 'D', 'text': 'Thượng hoàng nghe vậy', 'is_correct': False, 'entity_type': None, 'provenance': 'generated'}]",ctx_dea1fcdcc231,Hồ Quý Ly,True,thong_hieu,su_kien,0.8262
33,itm_bb47596d8191,vit5_ft,Vì sao phong trào vừa đạt đỉnh điểm thì đã chấm dứt?,B,"một cuộc xung đột bạo lực tại thị xã Chauri Chaura, bang Uttar Pradesh","[{'label': 'A', 'text': 'từ chối không đóng thuế và huỷ bỏ những danh hiệu', 'is_correct': False, 'entity_type': None, 'provenance': 'generated'}, {'label': 'B', 'text': 'một cuộc xung đột bạo lực tại thị xã Chauri Chaura, bang Uttar Pradesh', 'is_correct': True, 'entity_type': None, 'provenance': 'context_span'}, {'label': 'C', 'text': 'các sản phẩm Anh  từ chức không làm cho chính quyền', 'is_correct': False, 'entity_type': None, 'provenance': 'generated'}, {'label': 'D', 'text': 'huy chương Anh', 'is_correct': False, 'entity_type': None, 'provenance': 'generated'}]",ctx_a4385c218212,Mahatma Gandhi,False,thong_hieu,nguyen_nhan,0.8548
34,itm_9bf84b585de5,vit5_ft,Vì sao Quốc hội không nghe lời Gandhi?,D,"những người cầm đầu không những muốn lập chính quyền nhanh như có thể khi người Anh trao quyền lại, mà còn muốn ngăn cản Mohammed Ali Jinnah và Liên minh Hồi giáo đạt vị trí ngang hàng với đảng Quốc dân Đại hội","[{'label': 'A', 'text': 'Quốc', 'is_correct': False, 'entity_type': None, 'provenance': 'generated'}, {'label': 'B', 'text': 'Gandhi', 'is_correct': False, 'entity_type': None, 'provenance': 'generated'}, {'label': 'C', 'text': 'Muslim League', 'is_correct': False, 'entity_type': None, 'provenance': 'generated'}, {'label': 'D', 'text': 'những người cầm đầu không những muốn lập chính quyền nhanh như có thể khi người Anh trao quyền lại, mà còn muốn ngăn cản Mohammed Ali Jinnah và Liên minh Hồi giáo đạt vị trí ngang hàng với đảng Quốc dân Đại hội', 'is_correct': True, 'entity_type': None, 'provenance': 'context_span'}]",ctx_645806e0a496,Mahatma Gandhi,False,thong_hieu,nguyen_nhan,0.8463
35,itm_9cfb66e44654,vit5_ft,"Vì sao trong thời gian tại Luân Đôn, Gandhi đã chịu ảnh hưởng của điều gì?",C,"ông chịu ảnh hưởng của lời nguyện với bà mẹ trước mặt một vị tăng Kì-na giáo là Becharji, đó là giữ giới luật Ấn Độ giáo không ăn thịt và uống rượu sau khi rời Ấn Độ","[{'label': 'A', 'text': 'Chí Tôn', 'is_correct': False, 'entity_type': None, 'provenance': 'generated'}, {'label': 'B', 'text': 'College Luân Đôn', 'is_correct': False, 'entity_type': None, 'provenance': 'generated'}, {'label': 'C', 'text': 'ông chịu ảnh hưởng của lời nguyện với bà mẹ trước mặt một vị tăng Kì-na giáo là Becharji, đó là giữ giới luật Ấn Độ giáo không ăn thịt và uống rượu sau khi rời Ấn Độ', 'is_correct': True, 'entity_type': None, 'provenance': 'context_span'}, {'label': 'D', 'text': 'Thông Thiên', 'is_correct': False, 'entity_type': None, 'provenance': 'generated'}]",ctx_287becb0f55a,Mahatma Gandhi,False,thong_hieu,nguyen_nhan,0.8439
36,itm_299b2817b7be,vit5_ft,Mục đích của Mohandas Karamchand Gandhi là gì?,A,chỉ đạo cuộc kháng chiến chống chế độ thực dân của Đế quốc Anh và giành độc lập cho Ấn Độ,"[{'label': 'A', 'text': 'chỉ đạo cuộc kháng chiến chống chế độ thực dân của Đế quốc Anh và giành độc lập cho Ấn Độ', 'is_correct': True, 'entity_type': None, 'provenance': 'context_span'}, {'label': 'B', 'text': 'Nguyên', 'is_correct': False, 'entity_type': None, 'provenance': 'generated'}, {'label': 'C', 'text': 'anh hùng dân tộc Ấn Độ  30 tháng 1 năm 1948', 'is_correct': False, 'entity_type': None, 'provenance': 'generated'}, {'label': 'D', 'text': 'American Civil Rights Movement', 'is_correct': False, 'entity_type': None, 'provenance': 'generated'}]",ctx_2f37c7938419,Mahatma Gandhi,False,thong_hieu,su_kien,0.8174
37,itm_50b44c69df3e,vit5_ft,Dự thảo pháp luật được Hội đồng lập pháp Natal đề nghị nhằm mục đích gì?,C,loại bỏ quyền bầu cử của người di dân Ấn Độ,"[{'label': 'A', 'text': 'Durban', 'is_correct': False, 'entity_type': None, 'provenance': 'generated'}, {'label': 'B', 'text': 'Ấn Độ', 'is_correct': False, 'entity_type': None, 'provenance': 'generated'}, {'label': 'C', 'text': 'loại bỏ quyền bầu cử của người di dân Ấn Độ', 'is_correct': True, 'entity_type': None, 'provenance': 'context_span'}, {'label': 'D', 'text': 'Gandhi', 'is_correct': False, 'entity_type': None, 'provenance': 'generated'}]",ctx_ac9bb0f2a6de,Mahatma Gandhi,False,thong_hieu,su_kien,0.8319
38,itm_8ded25f7eed4,vit5_ft,Những nơi người Mông bại trận lúc bấy giờ là nơi nào?,B,Ai Cập,"[{'label': 'A', 'text': 'Indonesia', 'is_correct': False, 'entity_type': None, 'provenance': 'generated'}, {'label': 'B', 'text': 'Ai Cập', 'is_correct': True, 'entity_type': None, 'provenance': 'context_span'}, {'label': 'C', 'text': 'Trung Hoa', 'is_correct': False, 'entity_type': None, 'provenance': 'generated'}, {'label': 'D', 'text': 'Nguyên', 'is_correct': False, 'entity_type': None, 'provenance': 'generated'}]",ctx_89d6e1a25cea,Nhà Trần,True,thong_hieu,su_kien,0.8432
39,itm_ebfdb22eb2fc,vit5_ft,Ai là người soạn bộ sử đầu tiên của Việt Nam?,A,Lê Văn Hưu,"[{'label': 'A', 'text': 'Lê Văn Hưu', 'is_correct': True, 'entity_type': None, 'provenance': 'context_span'}, {'label': 'B', 'text': 'đức độ và có tài ứng đối  Chu Văn An', 'is_correct': False, 'entity_type': None, 'provenance': 'generated'}, {'label': 'C', 'text': 'một bậc cao hiền nêu gương thanh liêm', 'is_correct': False, 'entity_type': None, 'provenance': 'generated'}, {'label': 'D', 'text': 'Nguyên', 'is_correct': False, 'entity_type': None, 'provenance': 'generated'}]",ctx_790e0481b403,Nhà Trần,True,thong_hieu,su_kien,0.8419
40,itm_0a53f49c5849,vit5_ft,Điều gì đã ghi dấu cho sự phục hồi nền quân chủ của nước Pháp?,C,ghi dấu rằng thời kỳ hiện đại của nước Pháp khởi đầu bằng một tội ác,"[{'label': 'A', 'text': 'Thiên Chúa', 'is_correct': False, 'entity_type': None, 'provenance': 'generated'}, {'label': 'B', 'text': 'Michelet', 'is_correct': False, 'entity_type': None, 'provenance': 'generated'}, {'label': 'C', 'text': 'ghi dấu rằng thời kỳ hiện đại của nước Pháp khởi đầu bằng một tội ác', 'is_correct': True, 'entity_type': None, 'provenance': 'context_span'}, {'label': 'D', 'text': 'Histoire', 'is_correct': False, 'entity_type': None, 'provenance': 'generated'}]",ctx_bc28655c4d4c,Louis XVI của Pháp,False,van_dung,y_nghia,0.8065
